{
  "chunk10": {
    "overall_l1": 0.16818277537822723,
    "per_dim_l1": [
      0.17168274521827698,
      0.13890299201011658,
      0.14639762043952942,
      0.12920938432216644,
      0.13352316617965698,
      0.2150406688451767,
      0.24274763464927673
    ],
    "n_samples": 20229
  },
  "chunk50": {
    "overall_l1": 0.21263502538204193,
    "per_dim_l1": [
      0.20682020485401154,
      0.1513967663049698,
      0.16124242544174194,
      0.12711955606937408,
      0.13896679878234863,
      0.2519339919090271,
      0.4512555003166199
    ],
    "n_samples": 4092
  },
  "chunk30": {
    "overall_l1": 0.2720051407814026,
    "per_dim_l1": [
      0.1702224165201187,
      0.14269781112670898,
      0.15899358689785004,
      0.1106259673833847,
      0.12161318212747574,
      0.21039339900016785,
      0.9907031059265137
    ],
    "joint_l1": 0.1524243950843811,
    "gripper_l1": 0.9907031059265137,
    "success_rates": {
      "0.05": 0.0,
      "0.1": 0.0043230780315584695,
      "0.2": 0.2567908350745731,
      "0.3": 0.5995388716766338,
      "0.5": 0.9995676921968442
    },
    "n_samples": 13879
  }
}