{
  "envA": {
    "overall_l1": 0.2720051407814026,
    "per_dim_l1": [
      0.1702224165201187,
      0.14269781112670898,
      0.15899358689785004,
      0.1106259673833847,
      0.12161318212747574,
      0.21039339900016785,
      0.9907031059265137
    ],
    "joint_l1": 0.1524243950843811,
    "gripper_l1": 0.9907031059265137,
    "success_rates": {
      "0.05": 0.0,
      "0.1": 0.0043230780315584695,
      "0.2": 0.2567908350745731,
      "0.3": 0.5995388716766338,
      "0.5": 0.9995676921968442
    },
    "n_samples": 13879
  },
  "envABC": {
    "overall_l1": 0.271820604801178,
    "per_dim_l1": [
      0.17021897435188293,
      0.1427597850561142,
      0.1593015491962433,
      0.11063753068447113,
      0.12159338593482971,
      0.21039068698883057,
      0.9892601370811462
    ],
    "joint_l1": 0.15248364210128784,
    "gripper_l1": 0.9892601370811462,
    "success_rates": {
      "0.05": 7.20513005259745e-05,
      "0.1": 0.013545644498883205,
      "0.2": 0.29987751278910585,
      "0.3": 0.5858491245766986,
      "0.5": 0.9987751278910584
    },
    "n_samples": 13879
  }
}